[
  {"model": "auth.user", "pk": 1, "fields": {"username": "mrton", "email": "mrton@blog.com", "first_name": "Mirzo", "last_name": "Toshmatov", "is_staff": true, "is_superuser": true, "is_active": true, "date_joined": "2026-01-01T00:00:00Z", "password": "pbkdf2_sha256$720000$salt1234567890ab$hashedpassword1234567890abcdefghijklmnopqrstuvwxyz01="}},
  {"model": "auth.user", "pk": 2, "fields": {"username": "aysha", "email": "aysha@blog.com", "first_name": "Aysha", "last_name": "Karimova", "is_staff": false, "is_superuser": false, "is_active": true, "date_joined": "2026-02-10T00:00:00Z", "password": "pbkdf2_sha256$720000$salt1234567890ab$hashedpassword1234567890abcdefghijklmnopqrstuvwxyz01="}},
  {"model": "auth.user", "pk": 3, "fields": {"username": "javlon", "email": "javlon@blog.com", "first_name": "Javlon", "last_name": "Umarov", "is_staff": false, "is_superuser": false, "is_active": true, "date_joined": "2026-03-05T00:00:00Z", "password": "pbkdf2_sha256$720000$salt1234567890ab$hashedpassword1234567890abcdefghijklmnopqrstuvwxyz01="}},
  {"model": "auth.user", "pk": 4, "fields": {"username": "nilufar", "email": "nilufar@blog.com", "first_name": "Nilufar", "last_name": "Yusupova", "is_staff": false, "is_superuser": false, "is_active": true, "date_joined": "2026-03-20T00:00:00Z", "password": "pbkdf2_sha256$720000$salt1234567890ab$hashedpassword1234567890abcdefghijklmnopqrstuvwxyz01="}},
  {"model": "auth.user", "pk": 5, "fields": {"username": "bobur", "email": "bobur@blog.com", "first_name": "Bobur", "last_name": "Nazarov", "is_staff": false, "is_superuser": false, "is_active": true, "date_joined": "2026-04-01T00:00:00Z", "password": "pbkdf2_sha256$720000$salt1234567890ab$hashedpassword1234567890abcdefghijklmnopqrstuvwxyz01="}},

  {"model": "blog.profile", "pk": 1, "fields": {"user": 1, "avatar": "", "bio": "Backend developer from Tashkent. Django, Python, Linux. CTF enthusiast.", "website": "https://github.com/mrton"}},
  {"model": "blog.profile", "pk": 2, "fields": {"user": 2, "avatar": "", "bio": "UI/UX designer. I write about design systems, accessibility, and creativity.", "website": ""}},
  {"model": "blog.profile", "pk": 3, "fields": {"user": 3, "avatar": "", "bio": "DevOps engineer. Docker, Kubernetes, CI/CD pipelines.", "website": ""}},
  {"model": "blog.profile", "pk": 4, "fields": {"user": 4, "avatar": "", "bio": "Frontend developer. Vue, React, and everything CSS.", "website": ""}},
  {"model": "blog.profile", "pk": 5, "fields": {"user": 5, "avatar": "", "bio": "Full-stack developer. I build things and break them to learn.", "website": ""}},

  {"model": "blog.follow", "pk": 1, "fields": {"follower": 2, "following": 1, "created": "2026-02-15T10:00:00Z"}},
  {"model": "blog.follow", "pk": 2, "fields": {"follower": 3, "following": 1, "created": "2026-03-10T10:00:00Z"}},
  {"model": "blog.follow", "pk": 3, "fields": {"follower": 4, "following": 1, "created": "2026-03-25T10:00:00Z"}},
  {"model": "blog.follow", "pk": 4, "fields": {"follower": 5, "following": 1, "created": "2026-04-05T10:00:00Z"}},
  {"model": "blog.follow", "pk": 5, "fields": {"follower": 1, "following": 2, "created": "2026-02-20T10:00:00Z"}},
  {"model": "blog.follow", "pk": 6, "fields": {"follower": 1, "following": 3, "created": "2026-03-12T10:00:00Z"}},
  {"model": "blog.follow", "pk": 7, "fields": {"follower": 3, "following": 2, "created": "2026-03-15T10:00:00Z"}},
  {"model": "blog.follow", "pk": 8, "fields": {"follower": 4, "following": 3, "created": "2026-04-02T10:00:00Z"}},

  {"model": "blog.post", "pk": 1, "fields": {"title": "Getting Started with Django", "slug": "getting-started-with-django", "cover": "", "body": "Django is a high-level Python web framework that encourages rapid development and clean, pragmatic design.\n\nInstall Django:\n\n    pip install django\n    django-admin startproject mysite\n    cd mysite\n    python manage.py runserver\n\nOpen http://127.0.0.1:8000 and you'll see the welcome page. From here you create apps, define models, wire URLs, and build templates. That's the Django way.", "author": 1, "created": "2026-06-10T10:00:00Z", "updated": "2026-06-10T10:00:00Z", "published": true}},
  {"model": "blog.post", "pk": 2, "fields": {"title": "Why I Use Linux as My Daily Driver", "slug": "why-i-use-linux", "cover": "", "body": "Three years ago I switched from Windows to Linux. I haven't looked back.\n\nFull control over your system, native terminal, package managers, no bloatware. As a developer everything just works — Docker, Python, SSH, Nginx — without workarounds.\n\nFor security research it's even better. Tools like nmap, burpsuite, metasploit — all native.", "author": 1, "created": "2026-05-28T10:00:00Z", "updated": "2026-05-28T10:00:00Z", "published": true}},
  {"model": "blog.post", "pk": 3, "fields": {"title": "Python Tips I Wish I Knew Earlier", "slug": "python-tips", "cover": "", "body": "After writing Python daily, these small tricks made the biggest difference.\n\nUse enumerate instead of range(len()), f-strings over .format(), list comprehensions, and context managers. They make code more readable and less error-prone.", "author": 1, "created": "2026-05-10T10:00:00Z", "updated": "2026-05-10T10:00:00Z", "published": true}},
  {"model": "blog.post", "pk": 4, "fields": {"title": "Minimalism in Web Design", "slug": "minimalism-web-design", "cover": "", "body": "Minimalism isn't just aesthetic — it's a philosophy. Remove everything that doesn't serve the user.\n\nA good font, comfortable line height, and proper spacing carries a design further than any fancy UI element. Minimalist sites also load fast. Fast sites keep users.", "author": 1, "created": "2026-04-22T10:00:00Z", "updated": "2026-04-22T10:00:00Z", "published": true}},
  {"model": "blog.post", "pk": 5, "fields": {"title": "Design Systems: Why Every Team Needs One", "slug": "design-systems-why-every-team-needs-one", "cover": "", "body": "A design system is a single source of truth for your product's UI. It includes components, tokens, patterns, and documentation.\n\nWithout a design system, every developer makes slightly different buttons. With one, consistency is automatic.\n\nStart small: define your color tokens, typography scale, and spacing. Build components on top of those. Document everything.", "author": 2, "created": "2026-06-08T09:00:00Z", "updated": "2026-06-08T09:00:00Z", "published": true}},
  {"model": "blog.post", "pk": 6, "fields": {"title": "Accessibility Is Not Optional", "slug": "accessibility-is-not-optional", "cover": "", "body": "About 15% of the world has some form of disability. If your site doesn't support keyboard navigation, screen readers, or proper color contrast — you're excluding millions.\n\nAccessibility best practices: use semantic HTML, provide alt text for images, ensure 4.5:1 contrast ratio, make everything keyboard-navigable.\n\nIt's not extra work — it's good engineering.", "author": 2, "created": "2026-05-25T09:00:00Z", "updated": "2026-05-25T09:00:00Z", "published": true}},
  {"model": "blog.post", "pk": 7, "fields": {"title": "Docker in 10 Minutes", "slug": "docker-in-10-minutes", "cover": "", "body": "Docker lets you package your application with all its dependencies into a container that runs the same everywhere.\n\n    # Build\n    docker build -t myapp .\n\n    # Run\n    docker run -p 8000:8000 myapp\n\nKey concepts: images, containers, volumes, networks. Learn these and you'll never have 'works on my machine' problems again.", "author": 3, "created": "2026-06-05T11:00:00Z", "updated": "2026-06-05T11:00:00Z", "published": true}},
  {"model": "blog.post", "pk": 8, "fields": {"title": "CI/CD Pipelines with GitHub Actions", "slug": "cicd-pipelines-github-actions", "cover": "", "body": "Continuous Integration and Deployment automates your software delivery. GitHub Actions makes it easy.\n\nCreate .github/workflows/deploy.yml and define triggers, jobs, and steps. On every push to main: run tests, build Docker image, deploy to server.\n\nFree for public repos, affordable for private. No reason not to automate.", "author": 3, "created": "2026-05-18T11:00:00Z", "updated": "2026-05-18T11:00:00Z", "published": true}},
  {"model": "blog.post", "pk": 9, "fields": {"title": "CSS Grid vs Flexbox: When to Use Which", "slug": "css-grid-vs-flexbox", "cover": "", "body": "Both are layout tools, but they solve different problems.\n\nFlexbox is one-dimensional — it arranges items in a row or column. Use it for nav bars, button groups, card rows.\n\nGrid is two-dimensional — it manages rows AND columns simultaneously. Use it for page layouts, image galleries, dashboards.\n\nRule of thumb: component layout → Flexbox. Page layout → Grid.", "author": 4, "created": "2026-06-09T08:00:00Z", "updated": "2026-06-09T08:00:00Z", "published": true}},
  {"model": "blog.post", "pk": 10, "fields": {"title": "Vue 3 Composition API: A Practical Guide", "slug": "vue3-composition-api-guide", "cover": "", "body": "The Composition API in Vue 3 lets you organize component logic by feature rather than by option type.\n\n    import { ref, computed } from 'vue'\n\n    const count = ref(0)\n    const doubled = computed(() => count.value * 2)\n\nIt's more verbose than Options API but scales much better for large components and reusable logic via composables.", "author": 4, "created": "2026-05-30T08:00:00Z", "updated": "2026-05-30T08:00:00Z", "published": true}},
  {"model": "blog.post", "pk": 11, "fields": {"title": "Building REST APIs with Django REST Framework", "slug": "building-rest-apis-drf", "cover": "", "body": "DRF makes building REST APIs with Django straightforward. Serializers, ViewSets, Routers — three concepts that cover 80% of what you need.\n\n    class PostSerializer(serializers.ModelSerializer):\n        class Meta:\n            model = Post\n            fields = '__all__'\n\nAdd authentication, permissions, and pagination with minimal code. DRF is the standard for Django APIs.", "author": 5, "created": "2026-06-07T14:00:00Z", "updated": "2026-06-07T14:00:00Z", "published": true}},
  {"model": "blog.post", "pk": 12, "fields": {"title": "PostgreSQL vs SQLite: Choosing the Right Database", "slug": "postgresql-vs-sqlite", "cover": "", "body": "SQLite is perfect for development and small apps. Zero config, file-based, fast for reads.\n\nPostgreSQL shines in production: concurrent writes, full-text search, JSON support, robust ACID compliance.\n\nMy rule: SQLite for prototypes and personal projects, PostgreSQL for anything you'd put on a server.", "author": 5, "created": "2026-05-22T14:00:00Z", "updated": "2026-05-22T14:00:00Z", "published": true}},

  {"model": "blog.like", "pk": 1, "fields": {"user": 2, "post": 1, "created": "2026-06-11T10:00:00Z"}},
  {"model": "blog.like", "pk": 2, "fields": {"user": 3, "post": 1, "created": "2026-06-11T11:00:00Z"}},
  {"model": "blog.like", "pk": 3, "fields": {"user": 4, "post": 1, "created": "2026-06-12T09:00:00Z"}},
  {"model": "blog.like", "pk": 4, "fields": {"user": 5, "post": 1, "created": "2026-06-12T10:00:00Z"}},
  {"model": "blog.like", "pk": 5, "fields": {"user": 3, "post": 2, "created": "2026-06-10T12:00:00Z"}},
  {"model": "blog.like", "pk": 6, "fields": {"user": 4, "post": 3, "created": "2026-06-10T13:00:00Z"}},
  {"model": "blog.like", "pk": 7, "fields": {"user": 1, "post": 5, "created": "2026-06-09T10:00:00Z"}},
  {"model": "blog.like", "pk": 8, "fields": {"user": 3, "post": 5, "created": "2026-06-09T11:00:00Z"}},
  {"model": "blog.like", "pk": 9, "fields": {"user": 1, "post": 7, "created": "2026-06-06T10:00:00Z"}},
  {"model": "blog.like", "pk": 10, "fields": {"user": 2, "post": 9, "created": "2026-06-10T08:00:00Z"}},
  {"model": "blog.like", "pk": 11, "fields": {"user": 1, "post": 9, "created": "2026-06-10T09:00:00Z"}},
  {"model": "blog.like", "pk": 12, "fields": {"user": 5, "post": 11, "created": "2026-06-08T15:00:00Z"}},

  {"model": "blog.comment", "pk": 1, "fields": {"post": 1, "author": 2, "body": "Great intro! This is exactly what I needed to get started with Django.", "created": "2026-06-11T12:00:00Z"}},
  {"model": "blog.comment", "pk": 2, "fields": {"post": 1, "author": 3, "body": "Don't forget to cover Django REST Framework next — it pairs great with this.", "created": "2026-06-11T14:00:00Z"}},
  {"model": "blog.comment", "pk": 3, "fields": {"post": 2, "author": 4, "body": "Switched to Linux last year and agree 100%. The terminal alone is worth it.", "created": "2026-06-01T10:00:00Z"}},
  {"model": "blog.comment", "pk": 4, "fields": {"post": 3, "author": 5, "body": "The enumerate tip alone saved me so much time. Good list!", "created": "2026-05-12T09:00:00Z"}},
  {"model": "blog.comment", "pk": 5, "fields": {"post": 5, "author": 1, "body": "Solid overview. Storybook is also worth mentioning for component documentation.", "created": "2026-06-09T10:00:00Z"}},
  {"model": "blog.comment", "pk": 6, "fields": {"post": 7, "author": 1, "body": "Docker Compose is the next step once you have the basics down. Great post!", "created": "2026-06-06T12:00:00Z"}},
  {"model": "blog.comment", "pk": 7, "fields": {"post": 9, "author": 5, "body": "Perfect summary. I always forget and reach for Grid when Flex would do.", "created": "2026-06-10T10:00:00Z"}},
  {"model": "blog.comment", "pk": 8, "fields": {"post": 11, "author": 2, "body": "DRF's browsable API is also a great feature for development. Nice writeup.", "created": "2026-06-08T16:00:00Z"}},

  {"model": "blog.message", "pk": 1, "fields": {"sender": 2, "recipient": 1, "body": "Hey! Loved your Django post. Any plans for a DRF follow-up?", "created": "2026-06-11T15:00:00Z", "read": true}},
  {"model": "blog.message", "pk": 2, "fields": {"sender": 1, "recipient": 2, "body": "Thanks Aysha! Yes, planning one for next week. Your design systems post was great too.", "created": "2026-06-11T15:30:00Z", "read": true}},
  {"model": "blog.message", "pk": 3, "fields": {"sender": 2, "recipient": 1, "body": "Looking forward to it! Let me know if you want design feedback on your site.", "created": "2026-06-11T16:00:00Z", "read": false}},
  {"model": "blog.message", "pk": 4, "fields": {"sender": 3, "recipient": 1, "body": "Your Python tips post is saved in my bookmarks. Really useful stuff.", "created": "2026-06-12T09:00:00Z", "read": false}}
]
